time,target_x,target_y,target_z,target_vx,target_vy,target_vz,chaser_x,chaser_y,chaser_z,chaser_vx,chaser_vy,chaser_vz,target_cx,target_cy,target_cz,chaser_cx,chaser_cy,chaser_cz
0,8000000.000000,0.000000,0.000000,0.000000,7058.686508,0.000000,8000020.000000,0.000000,0.000000,0.000000,7058.677685,0.000000,0.000000,0.000000,0.000000,0.000000,0.000000,0.000000
1,7999996.854794,7058.685593,0.000000,-6.228131,7058.683788,0.000000,8000016.849759,7058.676758,-0.000000,-6.238100,7058.674945,-0.000000,0.000000,0.000000,0.000000,-0.010000,-0.000012,-0.000000
2,7999987.481458,14117.365690,0.000000,-12.456257,7058.675573,0.000000,8000007.461421,14117.348009,-0.000000,-12.476195,7058.666724,-0.000000,0.000000,0.000000,0.000000,-0.010000,-0.000000,-0.000000
3,7999971.880001,21176.034797,0.000000,-18.684374,7058.661862,0.000000,7999991.834991,21176.008269,-0.000000,-18.714281,7058.653020,-0.000000,0.000000,0.000000,0.000000,-0.010000,0.000013,-0.000000
4,7999950.050433,28234.687418,0.000000,-24.912476,7058.642656,0.000000,7999969.970483,28234.652057,-0.000000,-24.952352,7058.633835,-0.000000,0.000000,0.000000,0.000000,-0.010000,0.000026,-0.000000
5,7999921.992773,35293.318057,0.000000,-31.140559,7058.617955,0.000000,7999941.867913,35293.273891,-0.000000,-31.190404,7058.609167,-0.000000,0.000000,0.000000,0.000000,-0.010000,0.000041,-0.000000
6,7999887.707042,42351.921221,0.000000,-37.368618,7058.587758,0.000000,7999907.527303,42351.868290,-0.000000,-37.428432,7058.579018,-0.000000,0.000000,0.000000,0.000000,-0.010000,0.000054,-0.000000
7,7999847.193266,49410.491412,0.000000,-43.596648,7058.552066,0.000000,7999866.948679,49410.429770,-0.000000,-43.666430,7058.543386,-0.000000,0.000000,0.000000,0.000000,-0.010000,0.000068,-0.000000
8,7999800.451477,56469.023137,0.000000,-49.824644,7058.510879,0.000000,7999820.132073,56468.952851,-0.000000,-49.904395,7058.502273,-0.000000,0.000000,0.000000,0.000000,-0.010000,0.000081,-0.000000
9,7999747.481712,63527.510900,0.000000,-56.052601,7058.464197,0.000000,7999767.077522,63527.432051,-0.000000,-56.142322,7058.455678,-0.000000,0.000000,0.000000,0.000000,-0.010000,0.000094,-0.000000
10,7999688.284010,70585.949205,0.000000,-62.280515,7058.412020,0.000000,7999707.785066,70585.861887,-0.000000,-62.380204,7058.403602,-0.000000,0.000000,0.000000,0.000000,-0.009999,0.000108,-0.000000
11,7999622.858420,77644.332558,0.000000,-68.508380,7058.354347,0.000000,7999642.254751,77644.236878,-0.000000,-68.618038,7058.346043,-0.000000,0.000000,0.000000,0.000000,-0.009999,0.000121,-0.000000
12,7999551.204990,84702.655464,0.000000,-74.736192,7058.291180,0.000000,7999570.486629,84702.551543,-0.000000,-74.855819,7058.283003,-0.000000,0.000000,0.000000,0.000000,-0.009999,0.000134,-0.000000
13,7999473.323778,91760.912427,0.000000,-80.963945,7058.222518,0.000000,7999492.480754,91760.800400,-0.000000,-81.093542,7058.214482,-0.000000,0.000000,0.000000,0.000000,-0.009999,0.000148,-0.000000
14,7999389.214843,98819.097953,0.000000,-87.191636,7058.148360,0.000000,7999408.237188,98818.977967,-0.000000,-87.331202,7058.140479,-0.000000,0.000000,0.000000,0.000000,-0.009999,0.000161,-0.000000
15,7999298.878251,105877.206547,0.000000,-93.419259,7058.068708,0.000000,7999317.755996,105877.078763,-0.000000,-93.568794,7058.060995,-0.000000,0.000000,0.000000,0.000000,-0.009998,0.000175,-0.000000
16,7999202.314073,112935.232713,0.000000,-99.646810,7057.983561,0.000000,7999221.037248,112935.097307,-0.000000,-99.806314,7057.976029,-0.000000,0.000000,0.000000,0.000000,-0.009998,0.000188,-0.000000
17,7999099.522383,119993.170958,0.000000,-105.874283,7057.892919,0.000000,7999118.081019,119993.028117,-0.000000,-106.043756,7057.885582,-0.000000,0.000000,0.000000,0.000000,-0.009998,0.000200,-0.000000
18,7998990.503261,127051.015786,0.000000,-112.101673,7057.796782,0.000000,7999008.887389,127050.865712,-0.000000,-112.281116,7057.789654,-0.000000,0.000000,0.000000,0.000000,-0.009998,0.000214,-0.000000
19,7998875.256792,134108.761702,0.000000,-118.328976,7057.695151,0.000000,7998893.456444,134108.604611,-0.000000,-118.518388,7057.688245,-0.000000,0.000000,0.000000,0.000000,-0.009997,0.000227,-0.000000
20,7998753.783066,141166.403213,0.000000,-124.556188,7057.588026,0.000000,7998771.788272,141166.239334,-0.000000,-124.755568,7057.581355,-0.000000,0.000000,0.000000,0.000000,-0.009997,0.000241,-0.000000
21,7998626.082177,148223.934823,0.000000,-130.783302,7057.475405,0.000000,7998643.882968,148223.764398,-0.000000,-130.992652,7057.468984,-0.000000,0.000000,0.000000,0.000000,-0.009997,0.000255,-0.000000
22,7998492.154225,155281.351039,0.000000,-137.010315,7057.357291,0.000000,7998509.740632,155281.174324,-0.000000,-137.229633,7057.351133,-0.000000,0.000000,0.000000,0.000000,-0.009996,0.000268,-0.000000
23,7998351.999313,162338.646365,0.000000,-143.237221,7057.233682,0.000000,7998369.361367,162338.463631,-0.000000,-143.466509,7057.227801,-0.000000,0.000000,0.000000,0.000000,-0.009996,0.000282,-0.000000
24,7998205.617552,169395.815308,0.000000,-149.464015,7057.104579,0.000000,7998222.745284,169395.626837,-0.000000,-149.703272,7057.098988,-0.000000,0.000000,0.000000,0.000000,-0.009996,0.000296,-0.000000
25,7998053.009054,176452.852373,0.000000,-155.690694,7056.969982,0.000000,7998069.892495,176452.658464,-0.000000,-155.939919,7056.964695,-0.000000,0.000000,0.000000,0.000000,-0.009995,0.000309,-0.000000
26,7997894.173939,183509.752067,0.000000,-161.917251,7056.829891,0.000000,7997910.803119,183509.553031,-0.000000,-162.176445,7056.824922,-0.000000,0.000000,0.000000,0.000000,-0.009995,0.000323,-0.000000
27,7997729.112329,190566.508896,0.000000,-168.143682,7056.684306,0.000000,7997745.477281,190566.305057,-0.000000,-168.412846,7056.679669,-0.000000,0.000000,0.000000,0.000000,-0.009994,0.000337,-0.000000
28,7997557.824354,197623.117365,0.000000,-174.369983,7056.533228,0.000000,7997573.915109,197622.909062,-0.000000,-174.649115,7056.528936,-0.000000,0.000000,0.000000,0.000000,-0.009994,0.000351,-0.000000
29,7997380.310147,204679.571982,0.000000,-180.596147,7056.376656,0.000000,7997396.116735,204679.359568,-0.000000,-180.885248,7056.372724,-0.000000,0.000000,0.000000,0.000000,-0.009993,0.000365,-0.000000
30,7997196.569846,211735.867252,0.000000,-186.822171,7056.214590,0.000000,7997212.082299,211735.651093,-0.000000,-187.121241,7056.211032,-0.000000,0.000000,0.000000,0.000000,-0.009993,0.000379,-0.000000
31,7997006.603593,218791.997682,0.000000,-193.048050,7056.047031,0.000000,7997021.811942,218791.778160,-0.000000,-193.357089,7056.043860,-0.000000,0.000000,0.000000,0.000000,-0.009992,0.000393,-0.000000
32,7996810.411537,225847.957779,0.000000,-199.273779,7055.873978,0.000000,7996825.305814,225847.735288,-0.000000,-199.592786,7055.871210,-0.000000,0.000000,0.000000,0.000000,-0.009992,0.000407,-0.000000
33,7996607.993831,232903.742049,0.000000,-205.499352,7055.695433,0.000000,7996622.564066,232903.517000,-0.000000,-205.828328,7055.693081,-0.000000,0.000000,0.000000,0.000000,-0.009991,0.000422,-0.000000
34,7996399.350631,239959.345000,0.000000,-211.724766,7055.511394,0.000000,7996413.586857,239959.117815,-0.000000,-212.063710,7055.509473,-0.000000,0.000000,0.000000,0.000000,-0.009990,0.000436,-0.000000
35,7996184.482100,247014.761139,0.000000,-217.950015,7055.321863,0.000000,7996198.374349,247014.532256,-0.000000,-218.298927,7055.320387,-0.000000,0.000000,0.000000,0.000000,-0.009990,0.000451,-0.000000
36,7995963.388406,254069.984973,0.000000,-224.175094,7055.126839,0.000000,7995976.926709,254069.754845,-0.000000,-224.533974,7055.125823,-0.000000,0.000000,0.000000,0.000000,-0.009989,0.000466,-0.000000
37,7995736.069721,261125.011008,0.000000,-230.399999,7054.926322,0.000000,7995749.244109,261124.780104,-0.000000,-230.768847,7054.925782,-0.000000,0.000000,0.000000,0.000000,-0.009988,0.000481,-0.000000
38,7995502.526220,268179.833754,0.000000,-236.624724,7054.720314,0.000000,7995515.326727,268179.602556,-0.000000,-237.003540,7054.720263,-0.000000,0.000000,0.000000,0.000000,-0.009988,0.000496,-0.000000
39,7995262.758087,275234.447717,0.000000,-242.849266,7054.508812,0.000000,7995275.174744,275234.216723,-0.000000,-243.238049,7054.509268,-0.000000,0.000000,0.000000,0.000000,-0.009987,0.000512,-0.000000
40,7995016.765508,282288.847406,0.000000,-249.073618,7054.291819,0.000000,7995028.788347,282288.617129,-0.000000,-249.472369,7054.292797,-0.000000,0.000000,0.000000,0.000000,-0.009986,0.000528,-0.000000
41,7994764.548673,289343.027327,0.000000,-255.297777,7054.069334,0.000000,7994776.167728,289342.798300,-0.000000,-255.706495,7054.070851,-0.000000,0.000000,0.000000,0.000000,-0.009985,0.000545,-0.000000
42,7994506.107780,296396.981991,0.000000,-261.521736,7053.841357,0.000000,7994517.313084,296396.754759,-0.000000,-261.940422,7053.843430,-0.000000,0.000000,0.000000,0.000000,-0.009984,0.000563,-0.000000
43,7994241.443030,303450.705904,0.000000,-267.745493,7053.607889,0.000000,7994252.224615,303450.481034,-0.000000,-268.174144,7053.610537,-0.000000,0.000000,0.000000,0.000000,-0.009983,0.000583,-0.000000
44,7993970.554628,310504.193576,0.000000,-273.969041,7053.368929,0.000000,7993980.902529,310503.971652,-0.000000,-274.407658,7053.372172,-0.000000,0.000000,0.000000,0.000000,-0.009982,0.000604,-0.000000
45,7993693.442785,317557.439515,0.000000,-280.192375,7053.124478,0.000000,7993703.347036,317557.221145,-0.000000,-280.640958,7053.128340,-0.000000,0.000000,0.000000,0.000000,-0.009980,0.000630,0.000000
46,7993410.107718,324610.438231,0.000000,-286.415492,7052.874537,0.000000,7993419.558354,324610.224047,-0.000000,-286.874039,7052.879047,-0.000000,0.000000,0.000000,0.000000,-0.009978,0.000664,0.000000
47,7993120.549646,331663.184231,0.000000,-292.638386,7052.619104,0.000000,7993129.536707,331662.974903,-0.000000,-293.106834,7052.624303,-0.000000,0.000000,0.000000,0.000000,-0.009376,0.000677,0.000000
48,7992824.768794,338715.672027,0.000000,-298.861052,7052.358181,0.000000,7992833.283867,338715.468170,-0.000000,-299.335562,7052.363866,-0.000000,0.000000,0.000000,0.000000,-0.003518,0.000341,0.000000
49,7992522.765394,345767.896126,0.000000,-305.083485,7052.091767,0.000000,7992530.805192,345767.698074,-0.000000,-305.558705,7052.097647,-0.000000,0.000000,0.000000,0.000000,0.001437,0.000083,0.000000
50,7992214.539680,352819.851039,0.000000,-311.305681,7051.819863,0.000000,7992222.105836,352819.658868,-0.000000,-311.777106,7051.825716,-0.000000,0.000000,0.000000,0.000000,0.005589,-0.000110,0.000000
51,7991900.091892,359871.531276,0.000000,-317.527635,7051.542470,0.000000,7991907.190153,359871.344873,-0.000000,-317.991513,7051.548132,-0.000000,0.000000,0.000000,0.000000,0.009027,-0.000249,0.000000
52,7991579.422274,366922.931347,0.000000,-323.749341,7051.259586,0.000000,7991586.061611,366922.750466,-0.000000,-324.203322,7051.264965,-0.000000,0.000000,0.000000,0.000000,0.009996,-0.000294,0.000000
53,7991252.531077,373974.045763,0.000000,-329.970796,7050.971213,0.000000,7991258.721487,373973.870110,-0.000000,-330.414771,7050.976294,-0.000000,0.000000,0.000000,0.000000,0.009995,-0.000303,0.000000
54,7990919.418555,381024.869033,0.000000,-336.191994,7050.677351,0.000000,7990925.170041,381024.698307,-0.000000,-336.625964,7050.682126,-0.000000,0.000000,0.000000,0.000000,0.009995,-0.000309,0.000000
55,7990580.084966,388075.395669,0.000000,-342.412930,7050.378000,0.000000,7990585.407534,388075.229561,-0.000000,-342.836897,7050.382463,-0.000000,0.000000,0.000000,0.000000,0.009995,-0.000314,0.000000
56,7990234.530576,395125.620181,0.000000,-348.633599,7050.073159,0.000000,7990239.434228,395125.458379,-0.000000,-349.047563,7050.077308,-0.000000,0.000000,0.000000,0.000000,0.009995,-0.000317,0.000000
57,7989882.755652,402175.537082,0.000000,-354.853998,7049.762830,0.000000,7989887.250392,402175.379267,-0.000000,-355.257959,7049.766661,-0.000000,0.000000,0.000000,0.000000,0.009995,-0.000320,0.000000
58,7989524.760470,409225.140882,0.000000,-361.074120,7049.447013,0.000000,7989528.856299,409224.986736,-0.000000,-361.468080,7049.450523,-0.000000,0.000000,0.000000,0.000000,0.009995,-0.000322,0.000000
59,7989160.545306,416274.426093,0.000000,-367.293961,7049.125708,0.000000,7989164.252226,416274.275294,-0.000000,-367.677920,7049.128895,-0.000000,0.000000,0.000000,0.000000,0.009995,-0.000324,0.000000
60,7988790.110446,423323.387228,0.000000,-373.513516,7048.798915,0.000000,7988793.438456,423323.239453,-0.000000,-373.887475,7048.801778,-0.000000,0.000000,0.000000,0.000000,0.009995,-0.000325,0.000000
61,7988413.456177,430372.018798,0.000000,-379.732781,7048.466634,0.000000,7988416.415278,430371.873722,-0.000000,-380.096740,7048.469172,0.000000,0.000000,0.000000,0.000000,0.009995,-0.000326,0.000000
62,7988030.582792,437420.315316,0.000000,-385.951749,7048.128866,0.000000,7988033.182983,437420.172614,-0.000000,-386.305710,7048.131078,0.000000,0.000000,0.000000,0.000000,0.009995,-0.000326,0.000000
63,7987641.490590,444468.271296,0.000000,-392.170418,7047.785611,0.000000,7987643.741869,444468.130641,-0.000000,-392.514380,7047.787497,0.000000,0.000000,0.000000,0.000000,0.009995,-0.000326,0.000000
64,7987246.179873,451515.881249,0.000000,-398.388781,7047.436869,0.000000,7987248.092239,451515.742315,-0.000000,-398.722746,7047.438429,0.000000,0.000000,0.000000,0.000000,0.009995,-0.000326,0.000000
65,7986844.650949,458563.139689,0.000000,-404.606834,7047.082640,0.000000,7986846.234399,458563.002152,-0.000000,-404.930801,7047.083875,0.000000,0.000000,0.000000,0.000000,0.009995,-0.000325,0.000000
66,7986436.904130,465610.041130,0.000000,-410.824573,7046.722925,0.000000,7986438.168662,465609.904664,-0.000000,-411.138543,7046.723836,0.000000,0.000000,0.000000,0.000000,0.009995,-0.000324,0.000000
67,7986022.939734,472656.580086,0.000000,-417.041991,7046.357724,0.000000,7986023.895344,472656.444368,-0.000000,-417.345965,7046.358312,0.000000,0.000000,0.000000,0.000000,0.009995,-0.000322,0.000000
68,7985602.758084,479702.751070,0.000000,-423.259085,7045.987038,0.000000,7985603.414767,479702.615778,-0.000000,-423.553063,7045.987304,0.000000,0.000000,0.000000,0.000000,0.009995,-0.000320,0.000000
69,7985176.359505,486748.548598,0.000000,-429.475850,7045.610865,0.000000,7985176.727259,486748.413411,-0.000000,-429.759832,7045.610813,0.000000,0.000000,0.000000,0.000000,0.009995,-0.000318,0.000000
70,7984743.744330,493793.967184,0.000000,-435.692280,7045.229208,0.000000,7984743.833150,493793.831784,-0.000000,-435.966266,7045.228839,0.000000,0.000000,0.000000,0.000000,0.009995,-0.000315,0.000000
71,7984304.912896,500839.001342,0.000000,-441.908371,7044.842066,0.000000,7984304.732776,500838.865415,-0.000000,-442.172362,7044.841384,0.000000,0.000000,0.000000,0.000000,0.009995,-0.000312,0.000000
72,7983859.865544,507883.645589,0.000000,-448.124118,7044.449440,0.000000,7983859.426480,507883.508823,-0.000000,-448.378115,7044.448447,0.000000,0.000000,0.000000,0.000000,0.009995,-0.000308,0.000000
73,7983408.602620,514927.894440,0.000000,-454.339516,7044.051329,0.000000,7983407.914607,514927.756526,-0.000000,-454.583519,7044.050031,0.000000,0.000000,0.000000,0.000000,0.009995,-0.000303,0.000000
74,7982951.124477,521971.742411,0.000000,-460.554561,7043.647734,0.000000,7982950.197508,521971.603046,-0.000000,-460.788569,7043.646135,0.000000,0.000000,0.000000,0.000000,0.009996,-0.000298,0.000000
75,7982487.431469,529015.184017,0.000000,-466.769247,7043.238656,0.000000,7982486.275539,529015.042903,-0.000000,-466.993261,7043.236760,0.000000,0.000000,0.000000,0.000000,0.009996,-0.000293,0.000000
76,7982017.523959,536058.213777,0.000000,-472.983570,7042.824094,0.000000,7982016.149061,536058.070620,-0.000000,-473.197590,7042.821909,0.000000,0.000000,0.000000,0.000000,0.009996,-0.000287,0.000000
77,7981541.402311,543100.826205,0.000000,-479.197525,7042.404050,0.000000,7981539.818440,543100.680719,-0.000000,-479.401552,7042.401580,0.000000,0.000000,0.000000,0.000000,0.009996,-0.000280,0.000000
78,7981059.066896,550143.015821,0.000000,-485.411106,7041.978523,0.000000,7981057.284045,550142.867724,-0.000000,-485.605140,7041.975776,0.000000,0.000000,0.000000,0.000000,0.009996,-0.000273,0.000000
79,7980570.518090,557184.777141,0.000000,-491.624310,7041.547513,0.000000,7980568.546252,557184.626161,-0.000000,-491.808350,7041.544497,0.000000,0.000000,0.000000,0.000000,0.009997,-0.000264,0.000000
80,7980075.756273,564226.104683,0.000000,-497.837132,7041.111022,0.000000,7980073.605442,564225.950555,-0.000000,-498.011178,7041.107745,0.000000,0.000000,0.000000,0.000000,0.009997,-0.000255,0.000000
81,7979574.781830,571266.992965,0.000000,-504.049565,7040.669049,0.000000,7979572.461999,571266.835433,-0.000000,-504.213618,7040.665521,0.000000,0.000000,0.000000,0.000000,0.009997,-0.000245,0.000000
82,7979067.595151,578307.436506,0.000000,-510.261607,7040.221594,0.000000,7979065.116314,578307.275324,-0.000000,-510.415666,7040.217826,0.000000,0.000000,0.000000,0.000000,0.009997,-0.000235,0.000000
83,7978554.196631,585347.429824,0.000000,-516.473251,7039.768659,0.000000,7978551.568780,585347.264757,-0.000000,-516.617317,7039.764661,0.000000,0.000000,0.000000,0.000000,0.009998,-0.000223,0.000000
84,7978034.586669,592386.967440,0.000000,-522.684493,7039.310243,0.000000,7978031.819799,592386.798263,-0.000000,-522.818566,7039.306027,0.000000,0.000000,0.000000,0.000000,0.009998,-0.000210,0.000000
85,7977508.765670,599426.043872,0.000000,-528.895328,7038.846347,0.000000,7977505.869774,599425.870375,-0.000000,-529.019408,7038.841927,0.000000,0.000000,0.000000,0.000000,0.009998,-0.000196,0.000000
86,7976976.734043,606464.653641,0.000000,-535.105752,7038.376971,0.000000,7976973.719114,606464.475627,-0.000000,-535.219838,7038.372361,0.000000,0.000000,0.000000,0.000000,0.009998,-0.000181,0.000000
87,7976438.492202,613502.791267,0.000000,-541.315759,7037.902116,0.000000,7976435.368235,613502.608553,-0.000000,-541.419851,7037.897331,0.000000,0.000000,0.000000,0.000000,0.009999,-0.000164,0.000000
88,7975894.040567,620540.451270,0.000000,-547.525345,7037.421781,0.000000,7975890.817554,620540.263692,-0.000000,-547.619443,7037.416840,0.000000,0.000000,0.000000,0.000000,0.009999,-0.000146,0.000000
89,7975343.379560,627577.628171,0.000000,-553.734505,7036.935967,0.000000,7975340.067496,627577.435581,-0.000000,-553.818609,7036.930888,0.000000,0.000000,0.000000,0.000000,0.009999,-0.000127,0.000000
90,7974786.509612,634614.316493,0.000000,-559.943233,7036.444676,0.000000,7974783.118490,634614.118762,-0.000000,-560.017343,7036.439479,0.000000,0.000000,0.000000,0.000000,0.009999,-0.000105,0.000000
91,7974223.431154,641650.510756,0.000000,-566.151526,7035.947906,0.000000,7974219.970970,641650.307778,-0.000000,-566.215642,7035.942613,0.000000,0.000000,0.000000,0.000000,0.010000,-0.000082,0.000000
92,7973654.144626,648686.205484,0.000000,-572.359378,7035.445659,0.000000,7973650.625373,648685.997175,-0.000000,-572.413500,7035.440295,0.000000,0.000000,0.000000,0.000000,0.010000,-0.000056,0.000000
93,7973078.650470,655721.395198,0.000000,-578.566785,7034.937934,0.000000,7973075.082143,655721.181501,-0.000000,-578.610912,7034.932526,0.000000,0.000000,0.000000,0.000000,0.010000,-0.000028,0.000000
94,7972496.949135,662756.074421,0.000000,-584.773741,7034.424733,0.000000,7972493.341727,662755.855305,-0.000000,-584.807874,7034.419309,0.000000,0.000000,0.000000,0.000000,0.010000,0.000002,-0.000000
95,7971909.041073,669790.237678,0.000000,-590.980242,7033.906055,0.000000,7971905.404580,669790.013144,-0.000000,-591.004380,7033.900648,0.000000,0.000000,0.000000,0.000000,0.010000,0.000036,-0.000000
96,7971314.926742,676823.879491,0.000000,-597.186283,7033.381901,0.000000,7971311.271157,676823.649573,-0.000000,-597.200427,7033.376546,0.000000,0.000000,0.000000,0.000000,0.010000,0.000074,-0.000000
97,7970714.606604,683856.994385,0.000000,-603.391859,7032.852271,0.000000,7970710.941923,683856.759155,-0.000000,-603.396009,7032.847008,0.000000,0.000000,0.000000,0.000000,0.009999,0.000115,-0.000000
98,7970108.081127,690889.576885,0.000000,-609.596965,7032.317167,0.000000,7970104.417342,690889.336456,-0.000000,-609.591122,7032.312038,0.000000,0.000000,0.000000,0.000000,0.009999,0.000161,-0.000000
99,7969495.350782,697921.621515,0.000000,-615.801597,7031.776587,0.000000,7969491.697887,697921.376046,-0.000000,-615.785762,7031.771642,0.000000,0.000000,0.000000,0.000000,0.009998,0.000213,-0.000000
100,7968876.416048,704953.122801,0.000000,-622.005750,7031.230533,0.000000,7968872.784034,704952.872502,-0.000000,-621.979923,7031.225827,0.000000,0.000000,0.000000,0.000000,0.009996,0.000271,-0.000000
101,7968251.277405,711984.075269,0.000000,-628.209418,7030.679005,0.000000,7968247.676263,711983.820410,-0.000000,-628.173601,7030.674599,0.000000,0.000000,0.000000,0.000000,0.009994,0.000338,-0.000000
102,7967619.935340,719014.473444,0.000000,-634.412598,7030.122004,0.000000,7967616.375059,719014.214360,-0.000000,-634.366793,7030.117968,0.000000,0.000000,0.000000,0.000000,0.009991,0.000414,-0.000000
103,7966982.390344,726044.311855,0.000000,-640.615284,7029.559530,0.000000,7966978.880910,726044.048955,-0.000000,-640.559495,7029.555945,0.000000,0.000000,0.000000,0.000000,0.009987,0.000501,-0.000000
104,7966338.642914,733073.585027,0.000000,-646.817471,7028.991583,0.000000,7966335.194309,733073.318810,-0.000000,-646.751702,7028.988544,0.000000,0.000000,0.000000,0.000000,0.009982,0.000605,-0.000000
105,7965688.693551,740102.287489,0.000000,-653.019154,7028.418163,0.000000,7965685.315752,740102.018555,0.000000,-652.943413,7028.415782,0.000000,0.000000,0.000000,0.000000,0.009973,0.000728,-0.000000
106,7965032.542761,747130.413769,0.000000,-659.220329,7027.839272,0.000000,7965029.245736,747130.142841,0.000000,-659.134625,7027.837683,0.000000,0.000000,0.000000,0.000000,0.009961,0.000878,-0.000000
107,7964370.191055,754157.958394,0.000000,-665.420991,7027.254910,0.000000,7964366.984760,754157.686346,0.000000,-665.325338,7027.254279,0.000000,0.000000,0.000000,0.000000,0.009943,0.001067,-0.000000
108,7963701.638948,761184.915894,0.000000,-671.621135,7026.665077,0.000000,7963698.533321,761184.643787,0.000000,-671.515556,7026.665617,0.000000,0.000000,0.000000,0.000000,0.009913,0.001313,-0.000000
109,7963026.886960,768211.280799,0.000000,-677.820756,7026.069774,0.000000,7963023.891910,768211.009940,0.000000,-677.705289,7026.071771,0.000000,0.000000,0.000000,0.000000,0.009862,0.001656,-0.000000
110,7962345.935617,775237.047638,0.000000,-684.019850,7025.469000,0.000000,7962343.060714,775236.779622,0.000000,-683.895544,7025.472666,0.000000,0.000000,0.000000,0.000000,0.007388,0.001630,-0.000000
111,7961658.785449,782262.210941,0.000000,-690.218411,7024.862757,0.000000,7961656.038222,782261.947399,0.000000,-690.087824,7024.868007,0.000000,0.000000,0.000000,0.000000,0.005004,0.001524,-0.000000
112,7960965.436991,789286.765239,0.000000,-696.416435,7024.251045,0.000000,7960962.822567,789286.507699,0.000000,-696.281797,7024.257762,0.000000,0.000000,0.000000,0.000000,0.002953,0.001394,-0.000000
113,7960265.890782,796310.705064,0.000000,-702.613917,7023.633865,0.000000,7960263.412221,796310.454924,0.000000,-702.477141,7023.641911,0.000000,0.000000,0.000000,0.000000,0.001203,0.001247,-0.000000
114,7959560.147367,803334.024947,0.000000,-708.810852,7023.011216,0.000000,7959557.805964,803333.783460,0.000000,-708.673564,7023.020439,0.000000,0.000000,0.000000,0.000000,-0.000279,0.001090,-0.000000
115,7958848.207296,810356.719421,0.000000,-715.007235,7022.383101,0.000000,7958846.002850,810356.487683,0.000000,-714.870807,7022.393339,0.000000,0.000000,0.000000,0.000000,-0.001520,0.000928,-0.000000
116,7958130.071122,817378.783017,0.000000,-721.203062,7021.749518,0.000000,7958128.002178,817378.561963,0.000000,-721.068637,7021.760610,-0.000000,0.000000,0.000000,0.000000,-0.002549,0.000765,-0.000000
117,7957405.739404,824400.210270,0.000000,-727.398327,7021.110468,0.000000,7957403.803469,824400.000671,0.000000,-727.266846,7021.122253,-0.000000,0.000000,0.000000,0.000000,-0.003389,0.000605,-0.000000
118,7956675.212707,831420.995713,0.000000,-733.593026,7020.465952,0.000000,7956673.406436,831420.798182,0.000000,-733.465253,7020.478271,-0.000000,0.000000,0.000000,0.000000,-0.004062,0.000450,-0.000000
119,7955938.491599,838441.133880,0.000000,-739.787153,7019.815971,0.000000,7955936.810967,838440.948874,0.000000,-739.663693,7019.828674,-0.000000,0.000000,0.000000,0.000000,-0.004588,0.000304,-0.000000
120,7955195.576654,845460.619306,0.000000,-745.980706,7019.160525,0.000000,7955194.017102,845460.447136,0.000000,-745.862025,7019.173468,-0.000000,0.000000,0.000000,0.000000,-0.004987,0.000167,-0.000000
121,7954446.468449,852479.446527,0.000000,-752.173677,7018.499614,0.000000,7954445.025013,852479.287365,0.000000,-752.060123,7018.512666,-0.000000,0.000000,0.000000,0.000000,-0.005274,0.000040,-0.000000
122,7953691.167569,859497.610076,0.000000,-758.366063,7017.833239,0.000000,7953689.834990,859497.463970,0.000000,-758.257879,7017.846279,-0.000000,0.000000,0.000000,0.000000,-0.005465,-0.000075,-0.000000
123,7952929.674600,866515.104492,0.000000,-764.557858,7017.161401,0.000000,7952928.447425,866514.971373,0.000000,-764.455197,7017.174318,-0.000000,0.000000,0.000000,0.000000,-0.005574,-0.000178,0.000000
124,7952161.990136,873531.924311,0.000000,-770.749059,7016.484099,0.000000,7952160.862798,873531.804005,0.000000,-770.651996,7016.496796,-0.000000,0.000000,0.000000,0.000000,-0.005613,-0.000270,0.000000
125,7951388.114774,880548.064070,0.000000,-776.939659,7015.801336,0.000000,7951387.081665,880547.956312,0.000000,-776.848206,7015.813725,-0.000000,0.000000,0.000000,0.000000,-0.005592,-0.000350,0.000000
126,7950608.049116,887563.518307,0.000000,-783.129655,7015.113110,0.000000,7950607.104644,887563.422751,0.000000,-783.043766,7015.125118,-0.000000,0.000000,0.000000,0.000000,-0.005521,-0.000418,0.000000
127,7949821.793771,894578.281560,0.000000,-789.319041,7014.419423,0.000000,7949820.932413,894578.197792,0.000000,-789.238628,7014.430986,-0.000000,0.000000,0.000000,0.000000,-0.005409,-0.000475,0.000000
128,7949029.349349,901592.348367,0.000000,-795.507812,7013.720275,0.000000,7949028.565692,901592.275916,0.000000,-795.432747,7013.731340,-0.000000,0.000000,0.000000,0.000000,-0.005264,-0.000522,0.000000
129,7948230.716469,908605.713270,0.000000,-801.695964,7013.015666,0.000000,7948230.005241,908605.651615,0.000000,-801.626089,7013.026192,-0.000000,0.000000,0.000000,0.000000,-0.005093,-0.000559,0.000000
130,7947425.895750,915618.370807,0.000000,-807.883493,7012.305598,0.000000,7947425.251853,915618.319390,0.000000,-807.818626,7012.315551,-0.000000,0.000000,0.000000,0.000000,-0.004900,-0.000587,0.000000
131,7946614.887821,922630.315519,0.000000,-814.070392,7011.590071,0.000000,7946614.306344,922630.273756,0.000000,-814.010334,7011.599428,-0.000000,0.000000,0.000000,0.000000,-0.004693,-0.000607,0.000000
132,7945797.693312,929641.541946,0.000000,-820.256658,7010.869085,0.000000,7945797.169554,929641.509232,0.000000,-820.201196,7010.877829,-0.000000,0.000000,0.000000,0.000000,-0.004474,-0.000618,0.000000
133,7944974.312859,936652.044632,0.000000,-826.442285,7010.142641,0.000000,7944973.842336,936652.020348,0.000000,-826.391196,7010.150764,-0.000000,0.000000,0.000000,0.000000,-0.004248,-0.000623,0.000000
134,7944144.747104,943661.818117,0.000000,-832.627269,7009.410739,0.000000,7944144.325556,943661.801642,0.000000,-832.580326,7009.418239,-0.000000,0.000000,0.000000,0.000000,-0.004018,-0.000622,0.000000
135,7943308.996691,950670.856945,0.000000,-838.811604,7008.673381,0.000000,7943308.620091,950670.847657,0.000000,-838.768576,7008.680262,-0.000000,0.000000,0.000000,0.000000,-0.003787,-0.000615,0.000000
136,7942467.062272,957679.155659,0.000000,-844.995287,7007.930566,0.000000,7942466.726821,957679.152943,0.000000,-844.955943,7007.936837,-0.000000,0.000000,0.000000,0.000000,-0.003558,-0.000603,0.000000
137,7941618.944503,964686.708803,0.000000,-851.178312,7007.182295,0.000000,7941618.646631,964686.712055,0.000000,-851.142425,7007.187970,-0.000000,0.000000,0.000000,0.000000,-0.003332,-0.000587,0.000000
138,7940764.644042,971693.510921,0.000000,-857.360674,7006.428569,0.000000,7940764.380407,971693.519553,0.000000,-857.328019,7006.433664,-0.000000,0.000000,0.000000,0.000000,-0.003111,-0.000568,0.000000
139,7939904.161556,978699.556559,0.000000,-863.542369,7005.669389,0.000000,7939903.929037,978699.570002,0.000000,-863.512728,7005.673925,-0.000000,0.000000,0.000000,0.000000,-0.002896,-0.000546,0.000000
140,7939037.497714,985704.840262,0.000000,-869.723392,7004.904754,0.000000,7939037.293403,985704.857969,0.000000,-869.696553,7004.908755,-0.000000,0.000000,0.000000,0.000000,-0.002688,-0.000522,0.000000
141,7938164.653191,992709.356576,0.000000,-875.903738,7004.134666,0.000000,7938164.474390,992709.378024,0.000000,-875.879497,7004.138157,-0.000000,0.000000,0.000000,0.000000,-0.002489,-0.000496,0.000000
142,7937285.628665,999713.100048,0.000000,-882.083402,7003.359125,0.000000,7937285.472877,999713.124740,0.000000,-882.061564,7003.362132,-0.000000,0.000000,0.000000,0.000000,-0.002299,-0.000468,0.000000
143,7936400.424823,1006716.065226,0.000000,-888.262379,7002.578132,0.000000,7936400.289738,1006716.092693,0.000000,-888.242758,7002.580683,-0.000000,0.000000,0.000000,0.000000,-0.002117,-0.000440,-0.000000
144,7935509.042351,1013718.246657,0.000000,-894.440665,7001.791687,0.000000,7935508.925844,1013718.276457,0.000000,-894.423082,7001.793811,-0.000000,0.000000,0.000000,0.000000,-0.001945,-0.000411,-0.000000
145,7934611.481946,1020719.638891,0.000000,-900.618254,7000.999791,0.000000,7934611.382062,1020719.670612,0.000000,-900.602543,7001.001518,-0.000000,0.000000,0.000000,0.000000,-0.001782,-0.000382,-0.000000
146,7933707.744304,1027720.236476,0.000000,-906.795143,7000.202445,0.000000,7933707.659254,1027720.269736,0.000000,-906.781145,7000.203803,-0.000000,0.000000,0.000000,0.000000,-0.001629,-0.000353,-0.000000
147,7932797.830130,1034720.033963,0.000000,-912.971325,6999.399649,0.000000,7932797.758276,1034720.068407,0.000000,-912.958891,6999.400667,-0.000000,0.000000,0.000000,0.000000,-0.001486,-0.000324,-0.000000
148,7931881.740132,1041719.025902,0.000000,-919.146797,6998.591404,0.000000,7931881.679982,1041719.061204,0.000000,-919.135788,6998.592110,-0.000000,0.000000,0.000000,0.000000,-0.001352,-0.000296,-0.000000
149,7930959.475023,1048717.206845,0.000000,-925.321554,6997.777710,0.000000,7930959.425217,1048717.242708,0.000000,-925.311839,6997.778133,-0.000000,0.000000,0.000000,0.000000,-0.001227,-0.000268,-0.000000
150,7930031.035520,1055714.571342,0.000000,-931.495590,6996.958568,0.000000,7930030.994827,1055714.607497,0.000000,-931.487049,6996.958735,-0.000000,0.000000,0.000000,0.000000,-0.001110,-0.000242,-0.000000
151,7929096.422348,1062711.113947,0.000000,-937.668901,6996.133979,0.000000,7929096.389650,1062711.150150,0.000000,-937.661421,6996.133916,-0.000000,0.000000,0.000000,0.000000,-0.001002,-0.000216,-0.000000
152,7928155.636233,1069706.829212,0.000000,-943.841482,6995.303944,0.000000,7928155.610523,1069706.865246,0.000000,-943.834959,6995.303675,-0.000000,0.000000,0.000000,0.000000,-0.000903,-0.000192,-0.000000
153,7927208.677907,1076701.711691,0.000000,-950.013328,6994.468462,0.000000,7927208.658278,1076701.747363,0.000000,-950.007666,6994.468012,-0.000000,0.000000,0.000000,0.000000,-0.000811,-0.000169,-0.000000
154,7926255.548108,1083695.755939,0.000000,-956.184435,6993.627535,0.000000,7926255.533744,1083695.791078,0.000000,-956.179545,6993.626926,-0.000000,0.000000,0.000000,0.000000,-0.000726,-0.000147,-0.000000
155,7925296.247578,1090688.956511,0.000000,-962.354797,6992.781164,0.000000,7925296.237748,1090688.990969,0.000000,-962.350599,6992.780416,-0.000000,0.000000,0.000000,0.000000,-0.000649,-0.000127,-0.000000
156,7924330.777064,1097681.307961,0.000000,-968.524411,6991.929348,0.000000,7924330.771114,1097681.341610,0.000000,-968.520828,6991.928482,-0.000000,0.000000,0.000000,0.000000,-0.000578,-0.000108,-0.000000
157,7923359.137316,1104672.804847,0.000000,-974.693270,6991.072089,0.000000,7923359.134667,1104672.837579,0.000000,-974.690236,6991.071124,-0.000000,0.000000,0.000000,0.000000,-0.000513,-0.000090,-0.000000
158,7922381.329092,1111663.441726,0.000000,-980.861371,6990.209388,0.000000,7922381.329226,1111663.473449,0.000000,-980.858823,6990.208340,-0.000000,0.000000,0.000000,0.000000,-0.000454,-0.000073,-0.000000
159,7921397.353152,1118653.213155,0.000000,-987.028708,6989.341244,0.000000,7921397.355613,1118653.243795,0.000000,-987.026589,6989.340130,-0.000000,0.000000,0.000000,0.000000,-0.000401,-0.000058,-0.000000
160,7920407.210263,1125642.113692,0.000000,-993.195276,6988.467659,0.000000,7920407.214648,1125642.143191,0.000000,-993.193536,6988.466493,-0.000000,0.000000,0.000000,0.000000,-0.000352,-0.000044,-0.000000
161,7919410.901195,1132630.137897,0.000000,-999.361072,6987.588634,0.000000,7919410.907149,1132630.166209,0.000000,-999.359664,6987.587429,-0.000000,0.000000,0.000000,0.000000,-0.000308,-0.000032,-0.000000
162,7918408.426724,1139617.280329,0.000000,-1005.526090,6986.704168,0.000000,7918408.433936,1139617.307422,0.000000,-1005.524971,6986.702937,-0.000000,0.000000,0.000000,0.000000,-0.000269,-0.000020,-0.000000
163,7917399.787630,1146603.535548,0.000000,-1011.690325,6985.814263,0.000000,7917399.795830,1146603.561401,0.000000,-1011.689459,6985.813016,-0.000000,0.000000,0.000000,0.000000,-0.000233,-0.000010,-0.000000
164,7916384.984699,1153588.898116,0.000000,-1017.853772,6984.918920,0.000000,7916384.993652,1153588.922719,0.000000,-1017.853125,6984.917667,-0.000000,0.000000,0.000000,0.000000,-0.000201,-0.000001,-0.000000
165,7915364.018720,1160573.362594,0.000000,-1024.016427,6984.018139,0.000000,7915364.028223,1160573.385945,0.000000,-1024.015968,6984.016889,-0.000000,0.000000,0.000000,0.000000,-0.000173,0.000007,-0.000000
166,7914336.890489,1167556.923546,0.000000,-1030.178285,6983.111920,0.000000,7914336.900367,1167556.945651,0.000000,-1030.177987,6983.110681,-0.000000,0.000000,0.000000,0.000000,-0.000148,0.000014,-0.000000
167,7913303.600804,1174539.575533,0.000000,-1036.339341,6982.200265,0.000000,7913303.610908,1174539.596407,0.000000,-1036.339180,6982.199043,-0.000000,0.000000,0.000000,0.000000,-0.000125,0.000021,-0.000000
168,7912264.150470,1181521.313120,0.000000,-1042.499590,6981.283174,0.000000,7912264.160675,1181521.332783,0.000000,-1042.499545,6981.281975,-0.000000,0.000000,0.000000,0.000000,-0.000105,0.000026,-0.000000
169,7911218.540296,1188502.130871,0.000000,-1048.659027,6980.360648,0.000000,7911218.550495,1188502.149349,0.000000,-1048.659080,6980.359477,-0.000000,0.000000,0.000000,0.000000,-0.000088,0.000030,-0.000000
170,7910166.771097,1195482.023353,0.000000,-1054.817649,6979.432688,0.000000,7910166.781202,1195482.040674,0.000000,-1054.817781,6979.431549,-0.000000,0.000000,0.000000,0.000000,-0.000072,0.000034,-0.000000
171,7909108.843691,1202460.985130,0.000000,-1060.975449,6978.499294,0.000000,7909108.853628,1202461.001330,0.000000,-1060.975647,6978.498191,-0.000000,0.000000,0.000000,0.000000,-0.000058,0.000037,0.000000
172,7908044.758901,1209439.010769,0.000000,-1067.132423,6977.560468,0.000000,7908044.768612,1209439.025885,0.000000,-1067.132675,6977.559403,-0.000000,0.000000,0.000000,0.000000,-0.000047,0.000040,0.000000
173,7906974.517556,1216416.094839,0.000000,-1073.288567,6976.616209,0.000000,7906974.526994,1216416.108910,0.000000,-1073.288860,6976.615184,-0.000000,0.000000,0.000000,0.000000,-0.000036,0.000042,0.000000
174,7905898.120489,1223392.231906,0.000000,-1079.443875,6975.666518,0.000000,7905898.129616,1223392.244975,0.000000,-1079.444200,6975.665536,-0.000000,0.000000,0.000000,0.000000,-0.000027,0.000043,0.000000
175,7904815.568538,1230367.416541,0.000000,-1085.598342,6974.711397,0.000000,7904815.577327,1230367.428649,0.000000,-1085.598692,6974.710459,-0.000000,0.000000,0.000000,0.000000,-0.000020,0.000044,0.000000
176,7903726.862545,1237341.643313,0.000000,-1091.751965,6973.750846,0.000000,7903726.870977,1237341.654505,0.000000,-1091.752331,6973.749952,-0.000000,0.000000,0.000000,0.000000,-0.000013,0.000045,0.000000
177,7902632.003359,1244314.906791,0.000000,-1097.904738,6972.784866,0.000000,7902632.011419,1244314.917112,0.000000,-1097.905114,6972.784017,-0.000000,0.000000,0.000000,0.000000,-0.000008,0.000045,0.000000
178,7901530.991831,1251287.201548,0.000000,-1104.056656,6971.813458,0.000000,7901530.999512,1251287.211043,0.000000,-1104.057038,6971.812653,-0.000000,0.000000,0.000000,0.000000,-0.000003,0.000045,0.000000
179,7900423.828818,1258258.522156,0.000000,-1110.207715,6970.836621,0.000000,7900423.836117,1258258.530868,0.000000,-1110.208097,6970.835861,-0.000000,0.000000,0.000000,0.000000,0.000001,0.000044,0.000000
180,7899310.515183,1265228.863186,0.000000,-1116.357909,6969.854358,0.000000,7899310.522100,1265228.871161,0.000000,-1116.358289,6969.853642,-0.000000,0.000000,0.000000,0.000000,0.000004,0.000043,0.000000
181,7898191.051792,1272198.219213,0.000000,-1122.507234,6968.866669,0.000000,7898191.058332,1272198.226493,0.000000,-1122.507609,6968.865995,-0.000000,0.000000,0.000000,0.000000,0.000007,0.000043,0.000000
182,7897065.439517,1279166.584811,0.000000,-1128.655686,6967.873554,0.000000,7897065.445686,1279166.591439,0.000000,-1128.656052,6967.872923,-0.000000,0.000000,0.000000,0.000000,0.000009,0.000041,0.000000
183,7895933.679233,1286133.954554,0.000000,-1134.803259,6966.875014,0.000000,7895933.685041,1286133.960572,0.000000,-1134.803615,6966.874424,-0.000000,0.000000,0.000000,0.000000,0.000011,0.000040,0.000000
184,7894795.771822,1293100.323019,0.000000,-1140.949949,6965.871051,0.000000,7894795.777279,1293100.328467,0.000000,-1140.950293,6965.870500,-0.000000,0.000000,0.000000,0.000000,0.000012,0.000039,0.000000
185,7893651.718169,1300065.684782,0.000000,-1147.095750,6964.861665,0.000000,7893651.723288,1300065.689699,0.000000,-1147.096082,6964.861152,-0.000000,0.000000,0.000000,0.000000,0.000013,0.000037,0.000000
186,7892501.519166,1307030.034420,0.000000,-1153.240658,6963.846856,0.000000,7892501.523960,1307030.038843,0.000000,-1153.240977,6963.846380,-0.000000,0.000000,0.000000,0.000000,0.000014,0.000036,0.000000
187,7891345.175707,1313993.366512,0.000000,-1159.384669,6962.826626,0.000000,7891345.180189,1313993.370477,0.000000,-1159.384974,6962.826185,-0.000000,0.000000,0.000000,0.000000,0.000014,0.000034,0.000000
188,7890182.688693,1320955.675635,0.000000,-1165.527777,6961.800975,0.000000,7890182.692878,1320955.679178,0.000000,-1165.528068,6961.800568,-0.000000,0.000000,0.000000,0.000000,0.000014,0.000033,0.000000
189,7889014.059029,1327916.956371,0.000000,-1171.669978,6960.769904,0.000000,7889014.062930,1327916.959523,0.000000,-1171.670254,6960.769529,-0.000000,0.000000,0.000000,0.000000,0.000014,0.000031,0.000000
190,7887839.287624,1334877.203300,0.000000,-1177.811267,6959.733414,0.000000,7887839.291256,1334877.206092,0.000000,-1177.811528,6959.733070,-0.000000,0.000000,0.000000,0.000000,0.000014,0.000029,0.000000
191,7886658.375393,1341836.411002,0.000000,-1183.951639,6958.691506,0.000000,7886658.378771,1341836.413464,0.000000,-1183.951886,6958.691190,-0.000000,0.000000,0.000000,0.000000,0.000014,0.000028,0.000000
192,7885471.323255,1348794.574060,0.000000,-1190.091089,6957.644181,0.000000,7885471.326393,1348794.576220,0.000000,-1190.091322,6957.643892,-0.000000,0.000000,0.000000,0.000000,0.000014,0.000026,0.000000
193,7884278.132134,1355751.687058,0.000000,-1196.229613,6956.591438,0.000000,7884278.135046,1355751.688942,0.000000,-1196.229832,6956.591175,-0.000000,0.000000,0.000000,0.000000,0.000013,0.000025,0.000000
194,7883078.802960,1362707.744577,0.000000,-1202.367205,6955.533280,0.000000,7883078.805659,1362707.746210,0.000000,-1202.367411,6955.533041,-0.000000,0.000000,0.000000,0.000000,0.000013,0.000023,0.000000
195,7881873.336665,1369662.741205,0.000000,-1208.503862,6954.469707,0.000000,7881873.339164,1369662.742609,0.000000,-1208.504055,6954.469490,-0.000000,0.000000,0.000000,0.000000,0.000013,0.000021,0.000000
196,7880661.734188,1376616.671524,0.000000,-1214.639577,6953.400720,0.000000,7880661.736500,1376616.672722,0.000000,-1214.639759,6953.400523,-0.000000,0.000000,0.000000,0.000000,0.000012,0.000020,0.000000
197,7879443.996473,1383569.530123,0.000000,-1220.774348,6952.326319,0.000000,7879443.998610,1383569.531134,0.000000,-1220.774517,6952.326142,-0.000000,0.000000,0.000000,0.000000,0.000011,0.000019,0.000000
198,7878220.124467,1390521.311587,0.000000,-1226.908167,6951.246506,0.000000,7878220.126440,1390521.312431,0.000000,-1226.908326,6951.246347,-0.000000,0.000000,0.000000,0.000000,0.000011,0.000017,0.000000
199,7876990.119123,1397472.010506,0.000000,-1233.041032,6950.161281,0.000000,7876990.120943,1397472.011199,0.000000,-1233.041180,6950.161139,-0.000000,0.000000,0.000000,0.000000,0.000010,0.000016,0.000000
200,7875753.981399,1404421.621467,0.000000,-1239.172937,6949.070645,0.000000,7875753.983076,1404421.622025,0.000000,-1239.173075,6949.070518,-0.000000,0.000000,0.000000,0.000000,0.000010,0.000015,0.000000
201,7874511.712256,1411370.139060,0.000000,-1245.303877,6947.974600,0.000000,7874511.713801,1411370.139499,0.000000,-1245.304005,6947.974487,-0.000000,0.000000,0.000000,0.000000,0.000009,0.000014,0.000000
202,7873263.312662,1418317.557875,0.000000,-1251.433848,6946.873145,0.000000,7873263.314084,1418317.558208,0.000000,-1251.433967,6946.873045,-0.000000,0.000000,0.000000,0.000000,0.000009,0.000012,0.000000
203,7872008.783589,1425263.872505,0.000000,-1257.562845,6945.766282,0.000000,7872008.784897,1425263.872744,0.000000,-1257.562955,6945.766194,-0.000000,0.000000,0.000000,0.000000,0.000008,0.000011,0.000000
204,7870748.126013,1432209.077540,0.000000,-1263.690863,6944.654011,0.000000,7870748.127215,1432209.077698,0.000000,-1263.690965,6944.653934,-0.000000,0.000000,0.000000,0.000000,0.000008,0.000010,0.000000
205,7869481.340916,1439153.167575,0.000000,-1269.817897,6943.536334,0.000000,7869481.342019,1439153.167660,0.000000,-1269.817992,6943.536267,-0.000000,0.000000,0.000000,0.000000,0.000007,0.000009,0.000000
206,7868208.429284,1446096.137202,0.000000,-1275.943942,6942.413251,0.000000,7868208.430296,1446096.137226,0.000000,-1275.944030,6942.413193,-0.000000,0.000000,0.000000,0.000000,0.000007,0.000009,0.000000
207,7866929.392108,1453037.981017,0.000000,-1282.068994,6941.284763,0.000000,7866929.393035,1453037.980987,0.000000,-1282.069076,6941.284714,-0.000000,0.000000,0.000000,0.000000,0.000006,0.000008,0.000000
208,7865644.230383,1459978.693616,0.000000,-1288.193048,6940.150872,0.000000,7865644.231232,1459978.693540,0.000000,-1288.193124,6940.150830,-0.000000,0.000000,0.000000,0.000000,0.000006,0.000007,0.000000
209,7864352.945110,1466918.269594,0.000000,-1294.316100,6939.011577,0.000000,7864352.945886,1466918.269480,0.000000,-1294.316169,6939.011542,-0.000000,0.000000,0.000000,0.000000,0.000005,0.000006,0.000000
210,7863055.537294,1473856.703550,0.000000,-1300.438144,6937.866881,0.000000,7863055.538004,1473856.703403,0.000000,-1300.438208,6937.866851,-0.000000,0.000000,0.000000,0.000000,0.000005,0.000006,0.000000
211,7861752.007945,1480793.990081,0.000000,-1306.559175,6936.716783,0.000000,7861752.008593,1480793.989907,0.000000,-1306.559234,6936.716759,-0.000000,0.000000,0.000000,0.000000,0.000005,0.000005,0.000000
212,7860442.358077,1487730.123787,0.000000,-1312.679189,6935.561284,0.000000,7860442.358669,1487730.123592,0.000000,-1312.679244,6935.561265,-0.000000,0.000000,0.000000,0.000000,0.000004,0.000004,0.000000
213,7859126.588712,1494665.099267,0.000000,-1318.798182,6934.400386,0.000000,7859126.589251,1494665.099055,0.000000,-1318.798232,6934.400371,-0.000000,0.000000,0.000000,0.000000,0.000004,0.000004,0.000000
214,7857804.700872,1501598.911124,0.000000,-1324.916147,6933.234090,0.000000,7857804.701363,1501598.910898,0.000000,-1324.916194,6933.234079,-0.000000,0.000000,0.000000,0.000000,0.000004,0.000004,0.000000
215,7856476.695586,1508531.553958,0.000000,-1331.033082,6932.062396,0.000000,7856476.696033,1508531.553723,0.000000,-1331.033124,6932.062388,-0.000000,0.000000,0.000000,0.000000,0.000004,0.000003,0.000000
216,7855142.573889,1515463.022372,0.000000,-1337.148980,6930.885305,0.000000,7855142.574295,1515463.022131,0.000000,-1337.149019,6930.885300,-0.000000,0.000000,0.000000,0.000000,0.000003,0.000003,0.000000
217,7853802.336819,1522393.310971,0.000000,-1343.263837,6929.702818,0.000000,7853802.337188,1522393.310726,0.000000,-1343.263873,6929.702816,-0.000000,0.000000,0.000000,0.000000,0.000003,0.000002,0.000000
218,7852455.985420,1529322.414358,0.000000,-1349.377649,6928.514937,0.000000,7852455.985754,1529322.414112,-0.000000,-1349.377682,6928.514936,-0.000000,0.000000,0.000000,0.000000,0.000003,0.000002,0.000000
219,7851103.520739,1536250.327140,0.000000,-1355.490410,6927.321661,0.000000,7851103.521041,1536250.326894,-0.000000,-1355.490440,6927.321662,-0.000000,0.000000,0.000000,0.000000,0.000003,0.000002,0.000000
220,7849744.943829,1543177.043923,0.000000,-1361.602116,6926.122992,0.000000,7849744.944102,1543177.043679,-0.000000,-1361.602144,6926.122995,-0.000000,0.000000,0.000000,0.000000,0.000002,0.000001,0.000000
221,7848380.255748,1550102.559314,0.000000,-1367.712762,6924.918932,0.000000,7848380.255995,1550102.559074,-0.000000,-1367.712788,6924.918936,-0.000000,0.000000,0.000000,0.000000,0.000002,0.000001,0.000000
222,7847009.457559,1557026.867921,0.000000,-1373.822343,6923.709480,0.000000,7847009.457781,1557026.867686,-0.000000,-1373.822367,6923.709485,-0.000000,0.000000,0.000000,0.000000,0.000002,0.000001,0.000000
223,7845632.550328,1563949.964355,0.000000,-1379.930855,6922.494637,0.000000,7845632.550527,1563949.964126,-0.000000,-1379.930877,6922.494644,-0.000000,0.000000,0.000000,0.000000,0.000002,0.000001,0.000000
224,7844249.535127,1570871.843224,0.000000,-1386.038293,6921.274406,0.000000,7844249.535306,1570871.843002,-0.000000,-1386.038312,6921.274413,-0.000000,0.000000,0.000000,0.000000,0.000002,0.000001,0.000000
225,7842860.413033,1577792.499141,0.000000,-1392.144651,6920.048786,0.000000,7842860.413193,1577792.498926,-0.000000,-1392.144669,6920.048794,-0.000000,0.000000,0.000000,0.000000,0.000002,0.000000,0.000000
226,7841465.185128,1584711.926717,0.000000,-1398.249926,6918.817779,0.000000,7841465.185271,1584711.926510,-0.000000,-1398.249942,6918.817787,-0.000000,0.000000,0.000000,0.000000,0.000001,0.000000,0.000000
227,7840063.852497,1591630.120565,0.000000,-1404.354112,6917.581385,0.000000,7840063.852624,1591630.120367,-0.000000,-1404.354127,6917.581393,-0.000000,0.000000,0.000000,0.000000,0.000001,0.000000,0.000000
228,7838656.416231,1598547.075301,0.000000,-1410.457206,6916.339606,0.000000,7838656.416344,1598547.075111,-0.000000,-1410.457219,6916.339614,-0.000000,0.000000,0.000000,0.000000,0.000001,0.000000,0.000000
229,7837242.877426,1605462.785537,0.000000,-1416.559201,6915.092442,0.000000,7837242.877526,1605462.785356,-0.000000,-1416.559213,6915.092451,-0.000000,0.000000,0.000000,0.000000,0.000001,0.000000,0.000000
230,7835823.237183,1612377.245891,0.000000,-1422.660093,6913.839895,0.000000,7835823.237271,1612377.245719,-0.000000,-1422.660104,6913.839903,-0.000000,0.000000,0.000000,0.000000,0.000001,-0.000000,0.000000
231,7834397.496606,1619290.450980,0.000000,-1428.759878,6912.581965,0.000000,7834397.496684,1619290.450816,-0.000000,-1428.759888,6912.581974,0.000000,0.000000,0.000000,0.000000,0.000001,-0.000000,0.000000
232,7832965.656806,1626202.395421,0.000000,-1434.858550,6911.318653,0.000000,7832965.656874,1626202.395266,-0.000000,-1434.858560,6911.318662,0.000000,0.000000,0.000000,0.000000,0.000001,-0.000000,0.000000
233,7831527.718897,1633113.073833,0.000000,-1440.956106,6910.049961,0.000000,7831527.718955,1633113.073687,-0.000000,-1440.956114,6910.049970,0.000000,0.000000,0.000000,0.000000,0.000001,-0.000000,0.000000
234,7830083.683998,1640022.480837,0.000000,-1447.052540,6908.775890,0.000000,7830083.684049,1640022.480699,-0.000000,-1447.052548,6908.775898,0.000000,0.000000,0.000000,0.000000,0.000001,-0.000000,0.000000
235,7828633.553234,1646930.611053,0.000000,-1453.147847,6907.496440,0.000000,7828633.553277,1646930.610923,-0.000000,-1453.147854,6907.496448,0.000000,0.000000,0.000000,0.000000,0.000001,-0.000000,0.000000
236,7827177.327733,1653837.459102,0.000000,-1459.242023,6906.211612,0.000000,7827177.327770,1653837.458980,-0.000000,-1459.242030,6906.211619,0.000000,0.000000,0.000000,0.000000,0.000001,-0.000000,0.000000
237,7825715.008629,1660743.019608,0.000000,-1465.335064,6904.921407,0.000000,7825715.008660,1660743.019494,-0.000000,-1465.335069,6904.921415,0.000000,0.000000,0.000000,0.000000,0.000001,-0.000000,0.000000
238,7824246.597061,1667647.287196,0.000000,-1471.426963,6903.625827,0.000000,7824246.597087,1667647.287088,-0.000000,-1471.426968,6903.625834,0.000000,0.000000,0.000000,0.000000,0.000001,-0.000000,0.000000
239,7822772.094172,1674550.256488,0.000000,-1477.517717,6902.324872,0.000000,7822772.094193,1674550.256388,-0.000000,-1477.517722,6902.324879,0.000000,0.000000,0.000000,0.000000,0.000000,-0.000000,0.000000
240,7821291.501109,1681451.922112,0.000000,-1483.607321,6901.018544,0.000000,7821291.501126,1681451.922019,-0.000000,-1483.607325,6901.018551,0.000000,0.000000,0.000000,0.000000,0.000000,-0.000000,0.000000
241,7819804.819025,1688352.278695,0.000000,-1489.695770,6899.706843,0.000000,7819804.819038,1688352.278608,-0.000000,-1489.695773,6899.706849,0.000000,0.000000,0.000000,0.000000,0.000000,-0.000000,0.000000
242,7818312.049077,1695251.320864,0.000000,-1495.783059,6898.389770,0.000000,7818312.049087,1695251.320783,-0.000000,-1495.783062,6898.389776,0.000000,0.000000,0.000000,0.000000,0.000000,-0.000000,0.000000
243,7816813.192428,1702149.043248,0.000000,-1501.869184,6897.067327,0.000000,7816813.192435,1702149.043173,-0.000000,-1501.869186,6897.067333,0.000000,0.000000,0.000000,0.000000,0.000000,-0.000000,-0.000000
244,7815308.250244,1709045.440477,0.000000,-1507.954139,6895.739515,0.000000,7815308.250249,1709045.440408,-0.000000,-1507.954142,6895.739520,0.000000,0.000000,0.000000,0.000000,0.000000,-0.000000,-0.000000
245,7813797.223697,1715940.507183,0.000000,-1514.037921,6894.406334,0.000000,7813797.223699,1715940.507119,-0.000000,-1514.037923,6894.406339,0.000000,0.000000,0.000000,0.000000,0.000000,-0.000000,-0.000000
246,7812280.113964,1722834.237997,0.000000,-1520.120524,6893.067785,0.000000,7812280.113964,1722834.237938,-0.000000,-1520.120526,6893.067790,0.000000,0.000000,0.000000,0.000000,0.000000,-0.000000,-0.000000
247,7810756.922224,1729726.627553,0.000000,-1526.201943,6891.723870,0.000000,7810756.922222,1729726.627498,-0.000000,-1526.201945,6891.723875,0.000000,0.000000,0.000000,0.000000,0.000000,-0.000000,-0.000000
248,7809227.649665,1736617.670484,0.000000,-1532.282175,6890.374590,0.000000,7809227.649661,1736617.670433,-0.000000,-1532.282176,6890.374594,0.000000,0.000000,0.000000,0.000000,0.000000,-0.000000,-0.000000
249,7807692.297475,1743507.361425,0.000000,-1538.361214,6889.019946,0.000000,7807692.297471,1743507.361379,-0.000000,-1538.361215,6889.019950,0.000000,0.000000,0.000000,0.000000,0.000000,-0.000000,-0.000000
